,name_followers
0,tkersey
1,njonsson
2,bangpound
3,vincentkoc
4,Rud5G
5,mlsj1
6,jits
7,syug
8,varungupta
9,esneko
10,neopunisher
11,jazzwang
12,begoon
13,fly51fly
14,fallenpegasus
15,fribeiro1
16,brase
17,chchrist
18,massimoselvi
19,ScottJWalter
20,mikeputnam
21,alessandrogambin
22,adeelahmad
23,mindcrime
24,informaticadiaz
25,MarceloNascimento
26,skowronek
27,dsoul
28,dmsbilas
29,thimslugga
30,neo01124
31,leecardona
32,threecups
33,shyuan
34,nara
35,dning1
36,tomtapia
37,openam
38,semsphy
39,DaemonCahill
40,Cambera
41,riyadparvez
42,duanshuaimin
43,nattfodd
44,mitaka
45,ikysil
46,ZhangYunfang
47,temosy
48,threadstonesecure
49,manuelhunziker
50,ambagasdowa
51,daball
52,pedro-lima
53,alexharvey
54,josh-fisher
55,subidit
56,pdevenraj
57,jtmoon79
58,nerandell
59,raghuboosetty
60,crazzyyfool
61,tdmalone
62,34code
63,burib
64,whn09
65,bobbyearl
66,figpope
67,alishir
68,ahlfors
69,bsrz
70,mailmahee
71,mihkels
72,daefresh
73,dofstar
74,codee
75,LisaDelaney
76,Xal3ph
77,jojoismael
78,pmanolak
79,tuannx
80,kistasi
81,tariqwest
82,jonnynut
83,afelicioni
84,firebitsbr
85,glaucodiogo
86,gunkaragoz
87,aldrinbaroi
88,ProNotion
89,manjunathd
90,afonsoalban
91,aungzanbaw
92,ewnd9
93,rsaa
94,hvn0413
95,duxing2007
96,ste93cry
97,LightPoincare
98,jloiola
99,mohaqqani
100,kylewburress
101,itanoss
102,anujku
103,suburbanworrier
104,thesobercoder
105,bygbyron3
106,AdhirRamjiawan
107,rickymaciel
108,KevinGimbel
109,zsp0817
110,konamo
111,deneb-alpha
112,bayramarslan
113,bawkingfbi
114,voldyman
115,golf-x
116,alexjennings
117,Spinfusor
118,xiupitter
119,somaditya
120,apjowen
121,usui-tk
122,onenonlycasper
123,dengqixing
124,justicelee
125,Davi-He
126,godsoul
127,kumar-nitish
128,toku345
129,snoop0x7b
130,PandaBlessing
131,andyuls
132,juanjoruiz2109
133,mangualero
134,fabianocouto
135,misselvexu
136,nitestyle
137,haydenthai
138,yannickboog
139,proverbs53
140,Rajivhost
141,cafedood
142,4digitalworld
143,dpapageo
144,HJiefeng
145,lizidun
146,larsfi
147,kkpan11
148,ajaxjs
149,plumcube
150,magigo
151,ahmadfaizalbh
152,flukebox
153,jakebrinkmann
154,simar1998
155,CheeseTurtle
156,AAbasinejad
157,virtuoushub
158,huamichaelchen
159,chandpriyankara
160,mumblepins
161,bingosing
162,sszukala
163,b3nkos
164,bretdarby
165,chrisgoulet
166,srinitude
167,the-watchmaker
168,codinggooner
169,kimpenguin
170,horuszhao
171,aniquetahir
172,RooTinfinite
173,mychen-ustc
174,weisberg
175,ace-coder
176,infinitedreams9586
177,beacya
178,tusharsoni08
179,hoansgithub
180,ritesh-singh
181,schallerala
182,alexxyjiang
183,FishInBottle
184,lucasgrezzi
185,star-fx
186,amavlyanov
187,garciparedes
188,keshabb
189,denu5
190,mcybulski
191,o-kakade
192,designisaverb
193,poornasamy
194,s0nlxaftrsh0ck
195,laikunzhen
196,asadhaye
197,darasat
198,mklemann-com
199,nikkidada
200,tiloyi
201,quark00
202,roykalony
203,zhangxiangdong
204,thomasdalbert
205,LavenderDaisy
206,edisona
207,Steven-Acomb
208,kevcooper
209,jodavaho
210,side9show
211,teeksingh
212,kevingrondin
213,JakubKana
214,edybrother
215,koyashiro
216,devikirang
217,unlitdev
218,well1791
219,mleziva
220,ajian005
221,ykaidashov
222,ankur-gupta
223,Malacarne
224,anand-b
225,stdexception
226,lackary
227,MatterhornProject
228,tolgabuyuktanir
229,zhenyuanzhou
230,cash2059
231,rajabalaji-mp
232,anobil
233,radiochickenwax
234,THenryT
235,vedamj01
236,cocavo
237,jafferlin
238,yixiuhua
239,rodazuero
240,JustCallMe-AK
241,henriquerick
242,gitpopcode
243,JoeyCai
244,Wyvernslay3r
245,gabrlyg
246,paulosiciliano
247,martinvaldivia
248,rdczhby
249,mys328
250,billykwok
251,andrey-berenda
252,sinhang
253,Pal3love
254,Lakshmiaddepalli
255,mohamed-abdelsattar92
256,rawer886
257,junhong202
258,iamlos
259,thanhcsf
260,junaid109
261,arpitgo4
262,roykhoury
263,bafeiyu
264,Ylmzef
265,pdigennaro
266,everXu
267,anlexN
268,Janujan
269,fwblcz
270,elaineleung
271,djinl520
272,protyay
273,selfishprimate
274,Mwalthery
275,GregAllenSmith
276,zgover
277,avestura
278,aspindle
279,pqrsooo
280,evanshrestha
281,bos-hieu
282,hanautoparts4u
283,sonimonish00
284,imvikramn
285,massivelivefun
286,garrettrh
287,adanone
288,ghishadow
289,shower1986
290,mseld
291,JasonYe88
292,seshurajup
293,xiaopizi19
294,pelamlio
295,Asavarkhul
296,csangha
297,ajay340
298,sdulaney
299,custadian
300,KlwntSingh
301,FelixFeliciant
302,learnerzhang
303,gamedebug
304,jonathanarodr
305,sadou-bah
306,ZhengChaoqun
307,osama-ahmed
308,nir-zilberman
309,changyongyong
310,bigDP
311,WajahatSiddiqui
312,markjohnlucas
313,Vaibhav
314,manavchoudhary
315,mrcharlierace
316,nikolaospapachristou
317,CallmeTorre
318,jcarlos001
319,jayzuccarelli
320,vslala
321,peterjlay
322,Ngel-Castro
323,rilek
324,dawei-wang
325,GeoSkiis
326,DominikHorn
327,bptorao
328,JeffUssing
329,edstgo
330,yxblee
331,barisates
332,ankkrish
333,pratickRoy
334,pereirakadu
335,justinsamuel92
336,lvictorerod
337,ryanulep
338,dotsnangles
339,mduvernon
340,olegkramko
341,609151318
342,RyanAugust
343,dbarrington
344,knhnd
345,akari0624
346,noid11
347,ioing
348,AruulmozhivarmanS
349,Tusharjagi
350,ivaylo-yordanov
351,rramirez0203
352,emullaraj
353,theranajayant
354,rajpratik71
355,jkjavier
356,mcguegi
357,nbhirud
358,UmutSERIFLER
359,zhu0823
360,Xianzhan
361,Joe192168
362,SanHacks
363,LindaHaviv
364,ball582
365,dmitrykrisko
366,qmajid
367,we1l1n
368,jhhe66
369,Almarch
370,thangnm93
371,NikhilRyan
372,Emperor42
373,dongzhuoyao
374,chenzilu1990
375,alexandregressier
376,jason1004
377,xuelangqingkong
378,godobyte
379,chanffdavid
380,anomaly-88
381,pianwan
382,undabah
383,aymenbelarbi
384,ashish936
385,giotramu
386,0xlkda
387,guilhermebc
388,SMBgurus
389,robson021
390,brentclay
391,mate-h
392,artur-sak13
393,yorshreynoso
394,VoxHash
395,yehuizhang
396,rubenca01
397,nounou176
398,AAdewunmi
399,balao7
400,flaviopavim
401,Zenidog8
402,aiwongs
403,devcang
404,kalsyanpradeep
405,DarrenMcCall
406,jadanah
407,vonzou
408,Chichis
409,yssdnj
410,jaymahfudy
411,maxsxu
412,lavanquan
413,keita-hino
414,KyuDounSim
415,depers
416,Anirudh257
417,jmartins-sh
418,satyarajreddy
419,Prithvish04
420,liyiliang
421,AnsonHwang86
422,xzm2004260
423,anirudhbagri
424,STCYC
425,rsmelo92
426,Cybercommanders
427,ardakazanci
428,StrangerCoug
429,keren123
430,paraskevasleivadaros
431,Grimgog
432,noodanee
433,nibinjoseph
434,alobe
435,zhuzixian520
436,freedom64life
437,JadeCong
438,VitorSouza7512
439,ProfessionalBoatDrifter
440,dancause
441,arorakanav
442,ltlwill
443,potatopotaro
444,graceko22
445,paletode
446,Timotej979
447,erenaslandev
448,himanshukumar660
449,BarathEswerN
450,victordrulis
451,serhiiklenachov
452,camerondurham
453,khanhhuy288
454,gstair
455,wwfyde
456,hotsticker
457,DanielSwarup
458,ningfc
459,RishabhKr97
460,jmcfayaz
461,jiangoz
462,moseeking
463,ardasatata
464,Murplugg
465,tanvirstreame
466,PhilJeffcock
467,ngocphuc1612
468,kworkbee
469,arnab-ray
470,yuriykuntsyak
471,bahadirsahin
472,SMSesay
473,jamestiotio
474,ivanlafollette
475,anuj97
476,yaelBrown
477,motmaytinh
478,desaidn
479,NoxGamingQC
480,aravinthakannan
481,gsrathoreniks
482,lingjiekong
483,diohsb
484,janviyao
485,hijiki51
486,mkz0930
487,pradeepkni382
488,rdnasim
489,shrinidhibarthur
490,StrangeKnowledgeIncresed
491,canering
492,Austin47
493,shokriw
494,franklin-monreal
495,immangat
496,xxh031203
497,cstarshine
498,dororoholic
499,chipro
500,lossfunc
501,loumalouomega
502,alenperic
503,james-sungjae-lee
504,SamGreenwood1
505,garyhtou
506,d3v2null
507,5h3r42
508,msweetland
509,ddoron
510,wrslatz
511,fsalhabib
512,vncsdich
513,jrjm1111
514,mitutitu16
515,ShuhaoZQGG
516,akashsathyan
517,sushant-joshi
518,chrisskhoury
519,djvelimir
520,jeremychauvet
521,alxporto
522,riturajDas
523,Logicus03
524,chinchillajared
525,isabelchaves
526,morrisel
527,weegier
528,shikharsaxena98
529,flukelaster
530,rjuer
531,mussieh
532,pawa2007
533,mesutbayir
534,liyonglu123
535,lintsai
536,6thpath
537,CodeWithNJ
538,rockychang7
539,hanwgyu
540,wudangqibujie
541,DihanDai
542,drewfrost
543,chris-c-thomas
544,bixo-d
545,MUmarJaved
546,contimatteo
547,kharam1436
548,amaankulshreshtha
549,hiromesh
550,surajsahani
551,hackenbacker
552,petronem
553,my1795
554,Pzoom522
555,brizzlechris
556,ilivinus
557,SpeicherA
558,nityansuman
559,akbarboghani
560,cydonialis
561,renyang1
562,wangtiechuan
563,lynmison
564,linshan-ma
565,EngineerMichael
566,anaghkanungo7
567,RickyC0626
568,d-bryan
569,WladFrazao
570,Ming0217
571,caesar-one
572,rayxwu
573,xuepengwei
574,Ishanna
575,JoeRMiller
576,HelloWolld
577,ajaysharma12799
578,luwen193
579,devStarscream
580,nkn6294live
581,FanJups
582,ShwetaShivangi
583,amwi04
584,mnk400
585,clairehuang77777
586,pd14196
587,samirdjelal
588,tychodev321
589,TheFJS14
590,Baleryom
591,caitinc
592,jtbiron
593,danishdtp
594,almokhtarbr
595,andreacip
596,vietnguyengit
597,duranbe
598,thapaashis110
599,soccernut
600,mdobro1
601,royswale
602,saneknight
603,AnhTrieu
604,janmarkuslanger
605,morinyan
606,gujiacun
607,adileone
608,BIGChask
609,mapjx
610,fuhaoma
611,DXLZ
612,nuffQuantumSayd
613,kekemao00
614,lamsd
615,renanmagagnin
616,anuq
617,igorasantos
618,metaphor0
619,iashutoshtiwari
620,yaravi
621,skippermin
622,masakiasami
623,gurtejrehal
624,huannvttd98
625,thatbeautifuldream
626,teetajp
627,CRaLFa
628,happyqq
629,PranayKotian
630,wuchunfu
631,venkate5hgunda
632,NousheenAnwar
633,ykalani
634,whuhxb
635,ks1990cn
636,ronnielutaro
637,samutich
638,jongan69
639,nmoisess
640,vkhangstack
641,kayericson
642,JavanehBahrami
643,tjolr
644,rishikavikondala
645,lodhik9
646,cultivate5253
647,elafifi
648,akazyti
649,boomer2752
650,michael811125
651,Luccasoli
652,benmassaoud
653,KostasSliazas
654,abheesht17
655,ShrivatsAgrawal
656,farhan-2202
657,HebaElGalad
658,himanshututeja1998
659,xuansen41319
660,AsadAmir111
661,cwher
662,Pei1133
663,wjsnyx
664,proKress
665,SamuelMaculuve
666,pasenchenko
667,mascenaa
668,jinjidong
669,andisolo
670,JudgedSauce7
671,xmoreira
672,amitvish
673,Nikronic
674,Razdeep
675,jkh920184196
676,jimbrig
677,FenTheDev
678,Dxdzy86
679,ThaoNhienNguyen-Erika
680,chunkSpadunk
681,patrick22414
682,diguapao
683,don1343
684,Jiahuan-Pei
685,AdityaSoni17
686,shelthack
687,cherryriotyouth
688,dykderrick
689,johngunerli
690,aijls
691,spacefly
692,Ernesto-zhs
693,akashmdkml
694,Menotron
695,smustafa75
696,nanaboat1
697,eshack94
698,subhobrata
699,S-Swaroop
700,LeonSchmidt-Coder
701,Karim-53
702,EthanC-8
703,nitinnbisht
704,ericpark123
705,Matheus-ESW
706,allenduchaoyuan
707,Yulv-git
708,hexolan
709,moqsien
710,noppytinto
711,MilleniumSpark
712,sagsango
713,Programador89
714,robertgro
715,JasonMoon95
716,snkd
717,limeng92
718,nowphp2018
719,raashidanwar
720,jackpan123
721,bshreddy
722,TsukasaSeto
723,almiracioly
724,PallaviVarandani
725,alvinlal
726,Rookl
727,awabasher
728,Katsukiniwa
729,huuquyet
730,PMcTwist
731,hqng
732,MahaboobDanish
733,rkv0id
734,MadeInLondon
735,SimonVonXCVII
736,sigsant
737,celikgo
738,shiva0612
739,rroohit
740,jk4freedom
741,kyamashiro
742,LasVegasBilly
743,Turbocaspal
744,davnunes
745,afondiel
746,johnnyrtrentin
747,stnorbi
748,stacyrymer86
749,zero-null
750,jcusick93
751,jh9875
752,odzalasapp
753,eduardoteles17
754,GITWHB
755,DevinByteX
756,ricardosuman
757,mencarellic
758,m0nkeyDev
759,GitbitGit
760,rabbithophop
761,willisstu13
762,ftf1218
763,hirawatt
764,adilet-saken
765,marcomamprin
766,Thejuskbenny
767,TomasDavidYe
768,nanaxumu
769,adyilam
770,GabrielFerrante
771,13995595007
772,tinahuang222
773,edgaramirbekian
774,Bhavuk-Garg
775,liwenye123
776,Mzon2857
777,thiagomares
778,skleee
779,mjsheikh
780,anishamalde
781,5toliv
782,easy147
783,TeddyCom1
784,prabhumns
785,HyunjunA
786,harishravi121
787,Habib16051
788,iamharvey
789,rahul-zomato
790,ricardopra
791,avanishvyas
792,inframarauder
793,YjqZhouxiao
794,adhamsalama
795,LuoTailong
796,AtaraxiaZ
797,hyanzhang
798,cooperjaXC
799,sovansambath-phann
800,rkej
801,maxpatiiuk
802,jinshuye
803,ibn-khafagah
804,kartikeytewari
805,md-arfin-cse
806,humbertowr
807,johncruyff14
808,johan-lab
809,ambanerjee
810,bzamith
811,deviknitkkr
812,MarkBirdRock
813,Abirul
814,CarlosIbCu
815,nesakobi
816,Valairan
817,SnehanjanChatterjee
818,rafaelgustavofurlan
819,hunghg255
820,zf1575192187
821,matoszz
822,andrewdge
823,RobertConde
824,rksamu
825,LiviaKarolayne
826,hartl3y94
827,saarthdeshpande
828,hxinn
829,leechenze
830,Dexterzprotege
831,berilcankutlu
832,alan713
833,sandrawilczynski
834,ManojTGN
835,sejin-P
836,Debarshi95
837,abhinavG37
838,gauharayub
839,gxtsk
840,middas-0706
841,seanwynwins
842,zhaocrazy
843,WennYanto
844,sangamesh-kodge
845,horizonNEvent
846,claudsonbarros
847,yotamnahum
848,huiminlim
849,tjykvuo
850,sumukhteja
851,tung1707
852,valtab
853,yoonseok-kim
854,JankinTian
855,Pcharlot13
856,djmcclary
857,theroyakash
858,sadoreko
859,billsenxu
860,MarcoSantonastasi
861,joanB0ix
862,PureIllusionCo
863,grg124
864,AlixANNERAUD
865,amadsalmon
866,infinitepower18
867,ashr4f1arr2ad
868,zerodevid
869,youyuandx
870,YaseenHQ
871,shayanekat
872,fellipematos
873,Disciple0fMarx
874,VE5ETA
875,KlinKlinKlin
876,ishu-thakur
877,devendarsai
878,niushufeng
879,iRyanKGT
880,rishabhkar
881,brijeshbhalodiya
882,zaaakher
883,XRLZX8
884,nyckware
885,soumyadbanik
886,zhnzhang
887,yhf98
888,xjhofernandes
889,gauravagrwal
890,philpher0x
891,teacubes
892,mapy1874
893,JohnDNC
894,zeelsheladiya
895,ImKunYoung
896,EduardHov
897,kamelbendi
898,mitchell-cheng
899,Soumil-Bhattacharya
900,mahmoud-elghonemy
901,KarlRegnier0801
902,johnmccants002
903,samedsemihs
904,jupdec
905,moramadan98
906,aymandarwish
907,mayankvadariya
908,porum
909,angeloboustany
910,HongLouyemeng
911,maniac1122
912,Sambit650
913,zsalieva
914,Th3FearLess1
915,haja-fgabriel
916,fbuetler
917,kohring
918,okonri
919,paulohenz
920,Luiz-Frias
921,Jhonatasgrs
922,leopoldoH
923,cnhuz
924,liltommy1dev
925,hansdaapurba
926,AnkitBasrur
927,Wwillers
928,owini
929,amirmojarad
930,RichardZj
931,Spiritbocs
932,MarcoSteinke
933,yanquanfahei
934,smy1999
935,switcombe
936,wesleybertipaglia
937,anujchoudhary-17
938,erfansn
939,mazrean
940,shan2312
941,XrosLiang
942,994Simone
943,matheussooares
944,Mystic-77
945,samcho0608
946,bruno-aires
947,Jirigesi
948,PerfectYellow
949,ken-1200
950,imokhtar
951,GvHarish9894
952,ArthurAnastopulos
953,w3dg
954,guilefoylegaurav
955,denmj
956,burakaktna
957,frankxzAmazon
958,Xibbofish
959,Kevinoob-design
960,ericwidjaja
961,mirfanaslam
962,linchao10058
963,danieloliveira01
964,xiaozhiob
965,u-yas
966,smelouah
967,icqmula
968,ndagan
969,dmascheck
970,Abhirajnow
971,sanjuchandra
972,sadiqshaik123
973,cccaimingjian
974,anurag01a
975,masrafi115
976,Nosckid
977,Liebmann5
978,sm-heard
979,Abhijrathod
980,farhan5478
981,leonardoknakagawa
982,agastaldellomaccomit
983,steffiypx
984,AdnanAaddi
985,MaxDeveloper16
986,hchen19
987,leonardofhy
988,tenpa007
989,gtrman97
990,clay-curry
991,MuffinAmor
992,bythebug
993,amiranbari
994,Natur3-Boy
995,TheShiningVampire
996,rushilenekar20
997,mbulucay
998,fayez29
999,soma2000-lang
1000,jin-sungdae
1001,quantdevv
1002,Anass-23
1003,Ayush-Pujari-07
1004,songziqwq
1005,goillotc
1006,cyriljacobjohn
1007,prajapati-rasik
1008,2019-GitHub-Chu
1009,Tarsisnbs
1010,qaws7791
1011,dylenchang
1012,jamesatomc
1013,chinkin707
1014,azwpayne
1015,jflad17
1016,fabianozonta
1017,frankporco
1018,surajongithub1986
1019,victorvaladez1
1020,adithya1010
1021,sametcn99
1022,Hung-00
1023,Aditya-Khemka
1024,tamilvanan-b
1025,chanwoo00106
1026,FrankQixiangGao
1027,WonJoongLee
1028,alikemalozgumus
1029,Codesmaster-lab
1030,gwd666
1031,Vani019
1032,dhanrajswami
1033,Supriyo8799
1034,Maher-RJ
1035,Dajun-2019
1036,bocaletto-luca
1037,0xa3k5
1038,LuanGomes12
1039,renatompf
1040,stevenrsewell
1041,Symon629
1042,martintaylor1635
1043,HaimHalfon
1044,kranti2201
1045,Xebet
1046,prad-j
1047,jaquespavan
1048,nholuongut
1049,huiyouyou
1050,shevateng0
1051,vignesh5535
1052,huai-jie
1053,avonbied
1054,bipin0x01
1055,chrichri17
1056,GessioMori
1057,TylerMamrot
1058,danmslamt
1059,Pecorari
1060,1MuhammadFarhanAslam
1061,br8km
1062,najmehn00
1063,Uplift-0508
1064,samtimur
1065,ajmalbinnizam
1066,TatsuyaNakagoshi
1067,jigordev
1068,Anthippi
1069,NonymousMorlock
1070,EfeAcar6431
1071,akinfelami
1072,Yongxi-Zhou
1073,RushabhShah20
1074,kuzeyerkan
1075,SilviuLazar
1076,KHNQ
1077,NaoyaTatetsu
1078,mijung-in-11st
1079,simonjgr
1080,osman-nazir
1081,Vigneshkumar212
1082,mrwanggang-crazy
1083,BraeSleepn
1084,avadhutjc
1085,MLHaddon
1086,Capital-SetMawHtay
1087,sumairq
1088,0x4248
1089,jcork4real
1090,samr874
1091,aditya-repos
1092,spencerlepine
1093,calbergs
1094,yusuke-z
1095,Yuri-Mendes
1096,jimmysmits
1097,Drag0nf1y
1098,JohnDoll2023
1099,Saipraneeth99
1100,sheikhsspear
1101,santoshlite
1102,Daydream0929
1103,cjy-github1
1104,FernandoBatoni
1105,leejoonhun
1106,CharlesCreativeContent
1107,mmhamdy
1108,lorenonzi
1109,baisedongtian
1110,dsiq-rd
1111,arqam365
1112,hiyyg
1113,zustems
1114,VitorAkira-me
1115,Jesus-Retr0
1116,Sujith-sunny
1117,solfonte
1118,PrideStudio
1119,DevOps920719
1120,Matt-Bulk
1121,opsingh861
1122,Y3454R
1123,xiao-cy
1124,meijihatakeyama
1125,galichy79
1126,thefaheemkhan
1127,Flaiers
1128,rominswe
1129,HenriqueFurtado-Dev
1130,Derokkk
1131,Shahna-C
1132,chosungmann
1133,mspirkov
1134,grahamwaters
1135,deezeddd
1136,jaymepsantos
1137,SindywithanS
1138,mohamedhabibwork
1139,Rayane-Aboud
1140,hueiwhfa
1141,anurag1504t
1142,syed-waleed-ahmed
1143,rudra-code-creator
1144,rajveer43
1145,Kushan2k
1146,Thilak-KN
1147,Tiger15cub
1148,AesisGit
1149,rafaelporfiriobarros
1150,OBud75
1151,DonelAdam
1152,yosefkiros
1153,benzebra
1154,HamdanAr
1155,azazanwarsa
1156,ralintuscano
1157,huyenNguyen20
1158,FurkanEdizkan
1159,reaovyd
1160,jameelkaisar
1161,Tyalor
1162,TharunNo1
1163,SegaGLm
1164,celso-na-teixeira
1165,nilesh05apr
1166,EM51641
1167,seanpm2001
1168,thiagomendonca-eu
1169,rainmana
1170,dylanhood
1171,vandadrad
1172,chris0765
1173,John-Pinto
1174,milotek
1175,Pquar
1176,oss-mad
1177,TrNgTien
1178,Mindula-Dilthushan
1179,shuklarituparn
1180,neha-m98
1181,AHANCIT
1182,sebaminaya0
1183,Julieta7312
1184,d-t-n
1185,vinoth-techie
1186,johnzhang3410
1187,rbuchmann77
1188,hashwanthgogineni
1189,Ygor-J
1190,iamdeepakmardi
1191,Rameshraj55
1192,Niladrirc
1193,SeifEldinMohamed
1194,simonallmer
1195,SteCC
1196,daniel-dqsdatalabs
1197,Alev007
1198,tarun-lathiya
1199,dinapolic
1200,mazikai002
1201,rcosta-git
1202,JoseRicardoPE
1203,PhumyJS
1204,yuyingjun0922
1205,shakhzodtojiev
1206,ShabbirHasan1
1207,vimal-mounish
1208,sumedhdev
1209,ggopal13
1210,angeloS-98
1211,yagikota
1212,DougRog
1213,ipez98
1214,muazimmaqbool
1215,litingyes
1216,buddy1276
1217,go-utsav
1218,rdbender
1219,KaliBlip
1220,balajiCubie
1221,z2tong
1222,deevanshu-k
1223,linquint
1224,pjiang15
1225,jeanhackpy
1226,PhaedrusFlow
1227,nguyen-duy-tan
1228,Tpeach9474
1229,crviegas
1230,KennyOliver
1231,ronnieangeles
1232,drnomader
1233,Lucas-sudo-dev
1234,mahmud0v
1235,carnate-tech
1236,BTKcreations
1237,AldairAvelino
1238,mertkilix
1239,jordanaaccrombessy277
1240,theopaul-amazon
1241,Ghost1386
1242,asmnajmussakibkhan
1243,Wolfderoeden
1244,IgorNatann
1245,BashtianDev
1246,harshitclub
1247,5riman
1248,ketanxos
1249,Rahul-Biswal-new
1250,istellaliu
1251,QuantumBoy1010
1252,polygonnedpotato
1253,MadushanNimantha
1254,Choikyudong
1255,Harshi-itaSinha
1256,anthowest
1257,emiltervo
1258,gustavoturin
1259,SyedAnnasShah
1260,mohd-salem
1261,Infisrael
1262,bjin0822
1263,MateSousa
1264,marcelozepeunam
1265,DeversGigan
1266,canyoldas0
1267,erfuun
1268,madcitymultimedia
1269,arunavabasucom
1270,longyuyu
1271,phase-sys
1272,ugke
1273,Gustavo-Murdiga88
1274,uk-2
1275,Jiyu-Kim
1276,Marsjohn-11
1277,aadarsh-af
1278,karthikmurakonda
1279,fantastic0206
1280,littlelionly
1281,thunder-007
1282,cipherrahul
1283,ibarraz5
1284,vidda5
1285,AndreiMariciuc
1286,tatvil
1287,michelececcacci
1288,nabeelnoor
1289,sherlcok314159
1290,Minchalasaiteja
1291,mist1024
1292,elerner42
1293,leakedmemory
1294,vedantraval2310
1295,kshivakumar-code
1296,juliana-silva-hub
1297,efJerryYang
1298,mrrushikeshdaund
1299,sudongyuer
1300,yusuketozaki
1301,LlandspitRunzingf
1302,jianan1104
1303,Westsi
1304,AnmolVerma404
1305,JoseLopezSolis
1306,Ashish0898
1307,muratali016
1308,Severus25
1309,ozancck
1310,farinaceos
1311,hansencheck24
1312,zamoosh
1313,KISHORE-KUMAR-S
1314,aravhawk
1315,anadeem2
1316,TomasTan1988
1317,pierthebossest
1318,VincentIhab
1319,Vaema
1320,natdosan
1321,ManojJ07
1322,wolfcutie-alt
1323,AKrekhovetskyi
1324,strymon94
1325,Roshan-Metrix
1326,VictorSordi
1327,cx63cc
1328,riadelimemmedov
1329,ForBai
1330,David7ce
1331,EduardoCorazon
1332,695roshan
1333,aoshenx
1334,ajdara91
1335,DamonAustin
1336,b1shtream
1337,sozelfist
1338,itsRealMarshall
1339,weiliw-amz
1340,llllllilllilliii
1341,ooooo333i
1342,VenuGarlapati26
1343,samliu90
1344,gerald924
1345,FukazawaKazushi
1346,TheTrueKen
1347,arsal28
1348,TakahirosGithub
1349,freelancer79
1350,StephenOravec
1351,nhofling
1352,sccvn
1353,yaroslav-honchar
1354,kiranbalaji71
1355,sbdeveloper90
1356,Breqker
1357,BilgeBalga
1358,loupprodi
1359,shirushi-dev
1360,Samruddhi362
1361,josrot
1362,lettymoon
1363,clearljn
1364,YasminAlOmary
1365,Kenth06
1366,karishma502
1367,jiaweicai92
1368,Mairobinsky
1369,pritamkpratihari
1370,HenryDV
1371,lechiluan
1372,uDanielBispo
1373,rumaan-bot
1374,bhavikg-dev
1375,madjeek-web
1376,federicoreppucci-deliveroo
1377,buiquangthanhcode
1378,Jibe7
1379,MJ-Tech-H
1380,KendallDoesCoding
1381,himanshuthakur009
1382,Shrey-Srivastava21
1383,niravpi
1384,katulevskiy
1385,Itisjigar
1386,piyusagr
1387,junzmint
1388,enricoasc
1389,rakshit782
1390,PoojithaIrosha
1391,adnene-guessoum
1392,Yajie-Zhang
1393,huseyingirgin-eva
1394,script-lab
1395,Ictland
1396,ccampa896
1397,Nandita-SB123
1398,protechq88
1399,poojasundar15
1400,me-deshpande
1401,gaallmin
1402,Ahmedhamza1232001
1403,nurullah-arican
1404,imRHB
1405,ariyandevanand
1406,ishika1501
1407,mdzaberalhamid
1408,MuziZwane
1409,JorgeEmiliano80
1410,Sdu-pjLiu
1411,mo367
1412,ahamedrujhan
1413,bizocci
1414,jmoore78
1415,saitejar110507
1416,ekaterina4952
1417,KalvenDebig
1418,kumartul
1419,eaxoy
1420,bvenkatakarthik
1421,charan11sv
1422,YoliswaD
1423,frankpengau
1424,wanjanhasan
1425,nalinverma03
1426,julian-rosas
1427,Phillipe-Hugo
1428,Surya-Kumar-03
1429,gthmk
1430,Hoanganhvu123
1431,ndnan
1432,MarshallOkafor
1433,NickMezacapa
1434,fedebayer
1435,xwillxu
1436,danielaiyuan
1437,tkm9602
1438,NavratanPatel
1439,Paarasjoshi
1440,RajeevRanjan27
1441,Tahsin411934
1442,Samruddhiiii
1443,fvarghese99
1444,rediahmds
1445,nishantb06
1446,Louuuaiii
1447,Akash-Adhya
1448,lipehfama
1449,marcusPrado02
1450,mpimentel14
1451,Arshu200
1452,josephmartinmoran
1453,AndreCoutinhom
1454,natamartins
1455,techlobster
1456,elcnu986
1457,orbin123
1458,sssamm29
1459,amey-sawant-ai
1460,NChub
1461,techprogo
1462,gugs881
1463,mgaspirc
1464,SarfarajRahmn
1465,Aniketchaudhary16
1466,ichichchch
1467,JeromeXapix
1468,ClaudiaA18
1469,c2b247
1470,stoicsapien1
1471,feyzamiynat
1472,ElizabethJoseph25
1473,omidfarrokhi
1474,dfordp
1475,Manbendra2014
1476,Saleheddin
1477,qMikeehxz
1478,ShashankBagda
1479,heshara2000
1480,Saba42V
1481,ajjo-odoo
1482,Shahid6289
1483,Yamo406
1484,henry-vipnet360
1485,kishanK111
1486,thrashghost
1487,prejin2310
1488,alismask
1489,rodrigommar
1490,Sudhanva-Nadiger
1491,FelipeBNascimento
1492,ethangtkt
1493,mb4m1
1494,TeyKra
1495,Lucas1114
1496,puppsupr
1497,neox-d
1498,naji0329
1499,SuperSmile0109
1500,Giasinit
1501,apella1
1502,0laday0
1503,christiankriedemann
1504,pannacottaaaa
1505,mars-aria
1506,RichardMulambuzi
1507,pransoft7
1508,RYANFRANKLIN237
1509,shfjdgadg
1510,Thund3rHawk
1511,tiennguyen2310
1512,LaughingJackalope
1513,arsg0etia
1514,ygill-bsci
1515,isaacbrendel
1516,Avidlearner001
1517,claudiodgr
1518,zagui-master
1519,Ganesh972
1520,alireza-baqeri
1521,KaiCHEN-HT
1522,marupon3910
1523,Fuko-Ibuki
1524,eProxy
1525,kikoolz
1526,supbrice
1527,black-mold
1528,BrunoGr0883
1529,tomgangwang
1530,Aurojyoti23
1531,emmyoh
1532,alxnjalex
1533,mikezio
1534,molochnyh
1535,leonardonakagawa
1536,GustyCube
1537,chkp-bryans
1538,hgnzheng
1539,itsagurin
1540,sghost13
1541,SpikyWU7
1542,Raphaeldaysc
1543,devsantiag
1544,shashank-mishra14
1545,missAnneThorpe
1546,KhaleelMuhd1998
1547,KoolSoul
1548,Naveen2334
1549,IAMPARSI
1550,GauravKesh
1551,LeonMS123
1552,HarshitC-27
1553,nosh09
1554,Angie-Zhang
1555,skycomestatus
1556,SantoshKumarBogi
1557,Vladdstian
1558,satayuji
1559,vorlie
1560,HJPandey
1561,ryanherd
1562,AmineLemsih
1563,Nurlis03
1564,gremsyQuanLe
1565,LKChigumadzi
1566,koray-aydin
1567,jlggnss
1568,Code-Beaker
1569,lchen104
1570,RahulDubey391
1571,SnKToR
1572,Rupesh510
1573,vatsal-30
1574,akshit2257
1575,mao1910
1576,pppppyamaP
1577,Trik01
1578,shezaadahmed
1579,zahidhussain998
1580,hemsridh
1581,Vijay3725
1582,DDDavey
1583,DoublySoft
1584,adoussal
1585,vsdifficult
1586,iopebiel
1587,lowep
1588,yolo102938
1589,kris3713
1590,dhineshprabakaran
1591,qdclub
1592,asimpson0000
1593,dmytrochumakov
1594,thatme12
1595,nicogabriel1708
1596,esthermtnz
1597,JaRLenZhang
1598,The-code-is-secret
1599,jeremyw-dobeu
1600,christine-sandbox
1601,Comosaycomosah
1602,maxrathmann
1603,AaronSMathew
1604,FIDEL7Z
1605,rohit250799
1606,MirboboyevJasurjan
1607,MasterYiFree
1608,EthanThePhoenix38
1609,LucasViniciusSantosSilva
1610,General-MP
1611,lucasaraujodev
1612,vishaal3301
1613,aka5050
1614,truemanstock
1615,tori-ham
1616,vasudevarao3
1617,Valadares24
1618,wanshiyule
1619,boscotba
1620,jasonthedataguy
1621,AContesini
1622,julianomolinari
1623,nauczyxx
1624,Ponthezs
1625,xMxrgan
1626,mottamatheus835
1627,ParagDD
1628,bourbakiN97
1629,Myceliose
1630,mil2tech
1631,menawi
1632,007nishan
1633,ad0niram
1634,chrisgomad
1635,astrochemx
1636,looooooooy
1637,ayitharevanth
1638,Opakoficiel
1639,Ashishh0007
1640,seespike
1641,ropdias
1642,penguinpottery
1643,crr-bbai
1644,ComprehensiveAmoeba
1645,RohithTurlapati
1646,andedavd
1647,WLHQ
1648,manuelortizus
1649,aibolu
1650,MaxBryne
1651,Frisek
1652,shanenichols-channeladvisor
1653,mircoisendu
1654,soriqoo
1655,doy209
1656,CodeByPinar
1657,silviana-hs
1658,Oustra
1659,risingcurve
1660,omerkawaii
1661,Lujved
1662,sahanediriweera
1663,Raghavendra-Yadav
1664,jcf170030
1665,vladelets-vselennoy
1666,ThomasCode92
1667,paulaPSOx
1668,Pranav-raja
1669,rsenthur
1670,xmartinsbr
1671,DhrubajyotiBiswasfounderofDribll
1672,alpharomercoma
1673,JulienCamp
1674,ryan-w-roche
1675,montyma-amazon
1676,BryantVencil
1677,RustyTake-Off
1678,Vasco-Arts
1679,YgorAlcantara
1680,SwezyDev
1681,akshaygp18
1682,JapnoorHere
1683,Zaka123456
1684,xixu-me
1685,Pulimi1991
1686,KrithikPatil
1687,modabossymaxk
1688,praakhartripathi
1689,MaizeShark
1690,xingole
1691,Isu-Patel
1692,Janxxxx
1693,chukstochi
1694,srdegbe
1695,chuzairnisar425
1696,IzaacCoding36
1697,Emzie2212
1698,chacin04
1699,pushkarcode
1700,bbazwalt
1701,zhaoyumin2022
1702,Calum09
1703,anbinh93
1704,tnrjrdev
1705,Itzkuldeep444
1706,rafaelgandis
1707,iamchiranjeebpanda01
1708,SarthakKrishak
1709,wsa0227
1710,gsoni1
1711,aniruddhawathare
1712,Qianru69
1713,kiranj26
1714,samiamorshed
1715,mrlizhaozhi
1716,jashwinsingh11
1717,soorajaryan007
1718,IKashCode
1719,Anmol5519
1720,krishnaghugare
1721,jrennr
1722,fernandobraz88
1723,bhargavbijjam
1724,Lucasqrz1
1725,sachin21t
1726,RomDev7
1727,doski22
1728,allaboutevemirolive
1729,hongbo-wei
1730,mdhumairraza
1731,Laindrion
1732,elon00
1733,kdelcampo13
1734,Hoppeful
1735,vaddikeshavareddy
1736,MahdiCodee
1737,tlm159
1738,Demelix-cmd
1739,darenj456
1740,codernoahx
1741,shubmanh
1742,kybex11
1743,VasanthamHimaanshu
1744,luizvulpi
1745,SvipWangyh
1746,innocentc
1747,gtamaral
1748,1jana0
1749,beyzaaydogan01
1750,ardattoprak
1751,Armkas
1752,bhordum
1753,mgtian03
1754,Vincent-Y5
1755,GuilhermeeCustodio
1756,rajwadejii
1757,carlosgomezi
1758,fevziismailsahin
1759,Prateek-Wayne
1760,kanaksad
1761,1allan2
1762,RaviYadav02
1763,DadMouth82
1764,jvitorlk
1765,sulabhgautam
1766,Su-Tcode
1767,gitteedara
1768,iam-back
1769,Ananya2311
1770,MaxwellNi
1771,eloidieme
1772,winfredbo
1773,DeclanGH
1774,xcrar
1775,Sheepdog2022
1776,sametyilmaztemel
1777,Salvapazzo86
1778,Mohamed988o
1779,jessepeq23
1780,htiennv
1781,Shashank1407
1782,AngelCen14
1783,rsmaayon
1784,jouaraujo
1785,ali-fraz
1786,Mahfuz-00
1787,AleCM8821
1788,sbaws
1789,rany01
1790,Anis-Web
1791,Ig0rFA
1792,Som-III
1793,mparameshkumar
1794,KiraAndRemypie
1795,wshanleee
1796,ansh2903
1797,konpap-chan
1798,LuizGup
1799,JMauro10
1800,1RN21CS056
1801,sudoblanc
1802,Aditya41150
1803,Arun-gox
1804,DominikMoreira
1805,amitsingh2022
1806,misaelsp
1807,developer1618
1808,JaafarLezzaik
1809,AliHossam98
1810,HaiNaBaiDa
1811,0xshii
1812,Renpeng01
1813,shanechioa
1814,LekshmiPrakashhh
1815,aighita
1816,pchalise7
1817,Eleutber
1818,Valliebby
1819,camilasoares045
1820,poemww
1821,iamgopaul
1822,vasanthbanoth
1823,Sray47
1824,Alexdon1988
1825,jinholee-lab
1826,VidanSilk
1827,aminbiography
1828,Svetozara3363
1829,alejandro-requena-cervera
1830,MarcelloCordal
1831,github-world192
1832,rajeshkanugu
1833,richa11101982
1834,sivalaxman07
1835,Chetan-Patil-52
1836,oohcopy
1837,raphaelguardiano
1838,lucasrafael-devtech
1839,choiruddi
1840,Nithin-singiri
1841,adiibnuajat
1842,mahathibodela
1843,krishnagptamcs
1844,yanwei257
1845,sergiojfsunior
1846,Mjawadasad
1847,GiuLOCX
1848,L-Alexandre
1849,Sebastiaanel
1850,saikot-shahriyar
1851,firefitdesgns
1852,eladhon
1853,themrhoffmann
1854,guachonomez
1855,mgrundwuermer
1856,ryanAMZN
1857,Philipabao
1858,hoangtien2k3
1859,Chadkendu
1860,Olaffson
1861,Hamza-H10
1862,Serenitychic
1863,FranPiBe
1864,karthik121222
1865,AbhisekWebDev
1866,timboslice832
1867,braedonbillingsley
1868,gilleswb
1869,emoye7246
1870,Naruto-79
1871,aostar168
1872,tarini3301
1873,shivam-tadas
1874,tinajiang26
1875,marcosdataleal
1876,Rhettliu66
1877,nandarshan
1878,HappyMicky0317
1879,Coradello
1880,martinOofay2023
1881,wilkernel
1882,josielabreu
1883,Wuzoobia
1884,VISHALVARUN011002
1885,dkapt
1886,ColdCodedotso
1887,19raulruiz68
1888,zaim03767
1889,Nanigullipalli
1890,imishangrover
1891,Mahdiip323231
1892,wiscdn
1893,ortanaV2
1894,sks972
1895,TheReDNooB
1896,benthvmas
1897,isabeldefreitas
1898,omarhabd
1899,meissnerluara
1900,Kayra-Baran
1901,Kyrarry6
1902,evan755
1903,purushoth2603
1904,Userali123
1905,ywangire
1906,ZenShuHara
1907,natcurti
1908,lucaxchen
1909,chende1121
1910,fernandoncidade
1911,RamiroBalbo
1912,Jerryplusy
1913,nbinmostafa
1914,TF-185
1915,mdadnankh
1916,ansh23coder
1917,bon4to
1918,Archit-Jain-Github
1919,VidhiS07
1920,Bassamejlaoui
1921,AleMartins2023
1922,JCOOPER5646
1923,ayush-codesmith
1924,OzalOmarl1
1925,that-ar-guy
1926,Todo-bmgm
1927,HYPER10R
1928,danylo-miranda
1929,SangaoWe
1930,Maycon-dSilva
1931,viktorhuszag
1932,imanol-2021-12
1933,amansandhu408
1934,TodTete
1935,satoshin-des
1936,andregustavoaguiar
1937,work-apradana
1938,choimikey
1939,nazidul
1940,Brrn91
1941,yudai-shibuya
1942,datamoro
1943,KAEWPRASITKRAN
1944,don-glover
1945,Maycon-Melo
1946,lanjua5899
1947,Ligia-lab
1948,TheWitchySarz
1949,JStk-Dev
1950,dhodgson615
1951,GuedesThi
1952,notjustjoshin
1953,niveshatom11
1954,amenihong
1955,MT-Designs
1956,Lmt310104
1957,ShlokVFX
1958,ben9672
1959,YuvalYanay
1960,aristo-alex-develops
1961,Datawitch-Programmer
1962,Abeldsonndiku
1963,WIN1NG22
1964,GauravDevOps711
1965,KLimPALE
1966,S-PScripts
1967,holetinnghia
1968,naomianson
1969,thiagomorais87
1970,gitgptmin1973
1971,preetham-22
1972,PatientProblemSolver
1973,AnaRaquelCarvalho
1974,DavideSchirru17
1975,RajVishal7
1976,alex-bar25
1977,thinkerZz
1978,Ma7moud-Sa3d
1979,joaovgcoelho
1980,V-AI-ML-DL-DS-PL-PYTHON-JAVA-GO-2023-0
1981,tree-shrew
1982,amoreux2084
1983,zzatar
1984,willbribeiro
1985,Amisha-verma2907
1986,Alex0-7
1987,Sumit3104
1988,ReetHabar
1989,Rammaurya11
1990,ocupadaparavc
1991,SawonAnis
1992,nogueiralf
1993,rodrigo-leme
1994,zactseng
1995,KishoreGhost
1996,ricberht
1997,hameed980
1998,ChamelePhantom
1999,abolfazlhajjar
2000,Tariq-Anjum
2001,adminjd
2002,amandageovanna
2003,collinfung
2004,Untilme
2005,Mrisuk
2006,Zzzyyy2023
2007,Alien8887
2008,ManishaBathini
2009,Chrishargrove58
2010,Kikikickss
2011,CPaiva95
2012,luneto10
2013,538mansi
2014,Chris255202
2015,INGVARtattoodjnWEBdev
2016,PPCXZ
2017,arjun-ghose
2018,AndreyPetkov03
2019,cvs0
2020,ZumaGr
2021,worriedape
2022,iwauta049
2023,NikunjWorkDo
2024,rshuba4
2025,sairavi5887
2026,ravigiri91
2027,dminduca
2028,nareshns2004
2029,robin7-mac
2030,Euviniciuscouto
2031,isaias-dev-7
2032,LEO-Bloody-Sweet
2033,Merin-jai
2034,ThokozaniMntambo
2035,emanuelarevalomartinez
2036,vx-vijay
2037,Sofyaolvs
2038,Trupti0705
2039,Valoron
2040,acya-amazon
2041,ShashankNerkar
2042,kidu-s
2043,secuwity
2044,unstatistical
2045,GiorgioAntonelli94
2046,niroshinimurugadas
2047,chrixcrusher
2048,harishravi131
2049,xlit-online
2050,wishspotting
2051,harishravi141
2052,harishravi151
2053,luisdavidpaz
2054,nfrwt
2055,AnamShaikh06
2056,SonoTommy
2057,JhArantes
2058,suncoastcloud
2059,rainzhang05
2060,Nikhildsaroj
2061,Pranavprasadsinghs
2062,MohsinKhalidDar
2063,augustomangini
2064,tinazhangzh
2065,CS-Explorer
2066,miguelkuter
2067,JeromeyDynamics
2068,Pymster
2069,Sethfire2
2070,sfc-gh-cmilton
2071,jessicalvc
2072,igorfiori
2073,Guilhermedev9
2074,SavetoAI
2075,AL1732
2076,sheb09
2077,the3letterscompany
2078,ANVESHBV
2079,emrecirik
2080,blackbucK123
2081,Kerciu
2082,MANAV-MISHRA-BYTES
2083,tufanbil
2084,iamakachili
2085,Jacqueto
2086,sudhakarinka
2087,arturogaitatzis
2088,Morkonian9
2089,beverlymallen
2090,prane1616
2091,NikolaiYYDS
2092,sb21052005
2093,tayfunkilinc
2094,abinavgt
2095,lucasm-paixao
2096,y-hbb
2097,HkDotPY
2098,Bishal-11
2099,yashkaledeveloper
2100,goeo1066
2101,groupthinking
2102,GitHub7667
2103,likithashashishekar
2104,RaphaelCaamano
2105,baecentral
2106,ozcan-kara
2107,cstiago
2108,SnorlaxCansado
2109,rahulnuvo
2110,natamartinscodedev
2111,lazyGoliath
2112,abhisekde96
2113,applications-engineering
2114,Artg1023
2115,JeffreyLaederach
2116,arch1024
2117,remotemommy
2118,demba9
2119,MohsinMullick
2120,mojojompe
2121,Ali-hey-0
2122,Sameerkhansabri
2123,SA-Official
2124,XQH139
2125,jrxna
2126,Kishore1284
2127,3339991018
2128,Disnord
2129,AbdullahKhalide
2130,kittingkidden
2131,alnayeem01
2132,sadiya21162-45
2133,theHeadlessGrapes
2134,3d01
2135,techwizard689
2136,priyanshu052004
2137,RuanGaldino
2138,CrystalFireSword
2139,FlipGeorgios
2140,mohamedahmedch
2141,baggie11
2142,aayushhks
2143,negoceio
2144,a8m1r
2145,anthonybiondojr
2146,Vrxxun
2147,zhuofuAMZ
2148,gauravdhali
2149,caimindy
2150,Dereck234
2151,WorananH
2152,CauaFChristoni
2153,ANGammingg
2154,luminous-ChenXi
2155,5ush1l
2156,dcmaia-art
2157,PreciousSingletary
2158,Khetag7
2159,valuezon-team
2160,shahedul-islam-joshi
2161,rasmimihub
2162,raffabataglini
2163,nihanth1234
2164,rsmelonw
2165,vitorinodpadua
2166,DarkCodeStudios
2167,Jemajr
2168,the-vishh
2169,Rumie01
2170,Atnatewoss
2171,nickdengamazon
2172,pyhor
2173,jaiprakashbhola
2174,gabrielSMarcal
2175,fbrunamiranda
2176,iirachet
2177,Jin-hiroo
2178,chuqiang188
2179,gentishyti
2180,Al-HamzaAntar
2181,J4R3D5
2182,Sahil-Khilari
2183,firascoding
2184,offical-atsch16
2185,sourenroy
2186,Anika2121
2187,MominIshaque
2188,sigma7863
2189,kavin-raja-d
2190,Eprashanth04
2191,kyawtiz
2192,54437698
2193,arihitaD
2194,lshariprasad
2195,SkyeCai0608
2196,GeekAmir
2197,bbg-it
2198,thankful-kitt
2199,Yashvardhan0904
2200,PauloDevelop01
2201,tpna
2202,ShinyaOkayama
2203,NmtDlrCkn
2204,Tuugii0526
2205,AbolfazlPoornaderiyan
2206,Djeanii
2207,Madhu145
2208,AbdulrhmanFarrah
2209,nqd2
2210,wycliffecomputerdoc
2211,harish-zuper
2212,Mereyem02
2213,monokkai
2214,jamhwang
2215,AnotherAngleSolutions
2216,Robertrabbit0802
2217,Manuxc-sys
2218,godkerbi
2219,AKJUS
2220,Administrator33
2221,DennisEms
2222,jcjiacheng
2223,GalaxaLabs
2224,jpdgz2002
2225,Kapilkumar18dev
2226,Shoaib552
2227,tambehimanshu
2228,omarmaharem
2229,omarmoashraf
2230,kaktadua4
2231,DennisN22042003
2232,mohammadmehrani83
2233,Sr-Serda
2234,philquist
2235,EsadCakinPD
2236,Ultimate-spidy
2237,K437-max
2238,Jayveer-Singh0017
2239,joaoschs
2240,Yasaswini-Yasaswini
2241,humayuu
2242,Jolane468
2243,github-audiyang
2244,OkunyomihOghenetega
2245,mikey-sys
2246,Tejas7k
2247,Lorydima
2248,YaShhhhz
2249,Tong8s
2250,Pascal-Felis
2251,Bcastrocorrea
2252,HiagoPetry
2253,Hitalo-Uzan
2254,mariipaiva
2255,RaulProgrammer23
2256,crypto820
2257,fbaravalle-arit
2258,BoyFromDelaware
2259,KhushviB
2260,ndk123-web
2261,ElSchutzL
2262,constyoussef
2263,ysfa7md
2264,ShadowMonarchX
2265,Himmu-52
2266,Hiburger
2267,ezatk
2268,jvieira209
2269,Omnivictor
2270,20240906book
2271,vj031206
2272,tomliked
2273,DailyInvestors
2274,455272
2275,kalgiswar
2276,Smit275-z
2277,sapiendummy
2278,RomulusMirauta
2279,Johnny5x5
2280,CorraTheExplorer
2281,ahcetse
2282,Sonne40
2283,sriishtyb
2284,ElfarraDev
2285,micwilsoneng
2286,GaneshBorole
2287,anup-aws
2288,3r3m1t3
2289,Samar12110
2290,TheAndreyZakharov
2291,krpritam
2292,Aryukt
2293,ikomers-dev
2294,juyong0129
2295,recconect-max
2296,TheoGuerra71
2297,worstusercaseunder
2298,80968133
2299,Sneha529
2300,felixword
2301,JoaoPauloDel
2302,favieok
2303,Surya2901
2304,Fritz8887
2305,jeyaganeshan-dev
2306,Anuroop128
2307,Len1na
2308,saqib-76340
2309,Larasho6
2310,Sahiscs8
2311,hironb
2312,buschtrisha77
2313,2k24cs1m2414238
2314,wilkessidney
2315,DJAngel973
2316,akhdvmn
2317,malisohail72
2318,W3nde11
2319,edengilbertus
2320,vitoralexx
2321,john-137
2322,Destr0rso
2323,Egmarortiz
2324,devinbuchanan
2325,sivaduraiAmz
2326,renatzef
2327,Yezbyte
2328,PatrickCarvalho7
2329,SuicideSquad6969
2330,yzw2024
2331,amitu314
2332,SuperBolt28
2333,abrahman90
2334,montana64
2335,lbulhoess
2336,hatimharrati
2337,ShangRuYu
2338,andre-tagliaferro
2339,TechnoMonkey1
2340,tiago-santos1993
2341,joembanga
2342,bkumar-amz
2343,YuriGodoy
2344,montaciraitlahcen07
2345,shiv-amazon
2346,sachinxsh
2347,dwaz8
2348,nicogothub
2349,DecryptMike
2350,almc1977
2351,toxy4ny
2352,SchutzL22
2353,nandhancmd
2354,ASDFSA13
2355,rehan-thecs
2356,AnupShahi07
2357,yassinebelaid05
2358,Santhiya14015
2359,Sanoj88
2360,gustavo-alves-repo
2361,ShambhaviCode
2362,sasi-spacemarvel10
2363,Srinivas524
2364,dviel7-dev
2365,RonyKVilar
2366,QWERF-9
2367,cesarg210
2368,BeeyWasser
2369,Dora-Honor
2370,ProgrammerKR
2371,interpassai
2372,Vimtoooo
2373,loureng
2374,mangeshwagh91
2375,ruidawithchima
2376,zees123-svg
2377,nipuniathapaththu
2378,JAlves19
2379,EWeeksMark18
2380,kindleops
2381,macartechsand
2382,wakeleyresearch
2383,suxiaoxinggz
2384,goraiabhijit
2385,aws-boeunkim
2386,xAI-gh
2387,brandonvinicius
2388,akabarki76
2389,Onlineos1987
2390,yulo-dev
2391,johnvesslyalti
2392,eroweEce
2393,manoj-anandan25
2394,crumeb
2395,luka8881
2396,ReyaanMisra2811
2397,JMS-tesoy
2398,mbelab
2399,SniperRavan
2400,HARISH6384
2401,playhardworkhard
2402,Dragonn-47
2403,LowZhiHorng
2404,noonintellab
2405,devxpreneur
2406,YashDholpure24
2407,mrebitteskutchi
2408,cicila-app
2409,WR1982337
2410,preranav-biradar
2411,Raphasha27
2412,Qernel30
2413,ialex212004
2414,f1ciu
2415,HARiGOViND-7
2416,dpakdev02-dev
2417,kodurisravya06
2418,tgssharshitha27012k
2419,vaishnavanS
2420,kalapurekomal07
2421,vigneshpnagaraj
2422,sohaibhanifm
2423,aryan-r03
2424,ProdGD
2425,chesstechtn
2426,ainulirfan34-stack
2427,ngetachew870-dotcom
2428,thehamzaarshad
2429,keyzzilla
2430,OCT-Ahmed
2431,RaulSalRom
2432,atharvgurav1665
2433,konulhuseynli-1
2434,Paulinhuph
2435,rafaelalbhti-tech
2436,20121113jp
2437,flameastro
2438,pranay-tedt
2439,raza-rafay
2440,beynawoo-code
2441,milesp-debug
2442,hamzacluj-debug
2443,hpzalv
2444,ellabrndn
2445,davidarmandosanchezcruz54-source
2446,SAMUELFAMILYSKY31
2447,anirudhshenoy-69
2448,karthiksworkspace
2449,ac4733992-spec
2450,sydsaggy-cmd
2451,Karuna-m-s
2452,Afterglow01
2453,varshiniselvarathinam
2454,thalinda-oss
2455,SpencerAmazon
2456,ddmogit
2457,DevPrimeBR
2458,aqplemine
2459,veritasfuji-japan
2460,miyazato-code
2461,arogga1
2462,yoshimazaki-0813
2463,sudo-Luca
2464,sfbaytides
2465,sayantandutta2612
2466,cindy415work-boop
2467,revalescyrilzerna9-crypto
2468,bywmty
2469,snowden-h
2470,testgemgem1-beep
2471,Caspianbyte
2472,tiffanybibler
2473,borellivamshi
2474,yellow-x-black
2475,deepaksingh555
2476,Raqlmx
2477,mithunroy85
2478,ivanpazcel
2479,mattseram
2480,soothad
2481,pattyjcarlos-sys
